run_name,perplexity,validation_rate
gpt2, 2.3908302300699877, 0.24
mistral_run, 2.1481066071350847, 0.0
