model,perplexity
gpt2-small, 2.3908302300699877
mistral-7b-qlora, 2.1481066071350847